"area","are_km2","endID","mean_m","min_m","max_m","range_m"
5026252.6,5,"H0001",2288.9349195911,1966,2417,451
29319806.6,29.3,"H0002",1715.91290045183,1266,2083,817
5026252.6,5,"H0003",1797.21844966828,1374,2014,640
86284002.2,86.3,"H0004",1732.76166598868,1306,2305,999
9214796.4,9.2,"H0005",1958.67913349697,1215,2451,1236
52775651.8,52.8,"H0006",1897.507470119,1439.68322753906,2363,923.316772460938
5863961.3,5.9,"H0007",1542.21889038086,1144,1634,490
6701670.1,6.7,"H0008",1606.26397018433,1224,1784,560
9214796.4,9.2,"H0009",1810.86017923413,1144,2126.24365234375,982.24365234375
16754175.2,16.8,"H0010",1862.83189779975,1335,2100,765
5026252.6,5,"H0011",1638.54023376465,1398,1848,450
26806680.3,26.8,"H0012",1615.51099794343,1243,1859,616
5026252.6,5,"H0013",1615.85001280738,1295,1867,572
40210020.5,40.2,"H0014",1990.44048732573,1271,2442,1171
7539378.8,7.5,"H0015",1631.06830490276,1394,1886,492
20105010.2,20.1,"H0016",1671.3283478476,1207.34936523438,2079,871.650634765625
9214796.4,9.2,"H0017",1694.90000890783,1468.95935058594,1924.39465332031,455.435302734375
39372311.7,39.4,"H0018",1746.89403935334,1098,2225,1127
6701670.1,6.7,"H0019",1650.20342660299,1351,1953,602
5026252.6,5,"H0020",2317.80751712987,2199,2393,194
22618136.5,22.6,"H0021",1648.74435536183,1228,1917,689
47749399.3,47.7,"H0022",2096.77837794235,1503,2605,1102
64503574.5,64.5,"H0023",1618.97663330139,1202,1858.6240234375,656.6240234375
12565631.4,12.6,"H0024",2593.2666016407,1996,2837,841
10052505.1,10.1,"H0025",2431.02128626089,2175,2684,509
51937943.1,51.9,"H0026",1975.36166963146,1438.37072753906,2512,1073.62927246094
21780427.7,21.8,"H0027",1718.43711911267,1383,2169,786
5026252.6,5,"H0028",2351.57570722026,2229,2532,303
114766100,114.8,"H0029",1655.70970620989,1211.83850097656,1902,690.161499023438
9214796.4,9.2,"H0030",1607.54228140848,1331,1893,562
10890213.9,10.9,"H0031",2435.63506005131,2319,2552,233
5026252.6,5,"H0032",2069.48064643012,1958,2239,281
5026252.6,5,"H0033",1635.89766176285,1398,1759,361
5026252.6,5,"H0034",1587.85674688621,1200,1747.40344238281,547.403442382812
5026252.6,5,"H0035",2003.71447693872,1750,2093,343
20105010.2,20.1,"H0036",2340.46238163409,2127,2522,395
12565631.4,12.6,"H0037",2020.22121421412,1786,2316,530
5026252.6,5,"H0038",1835.41400826876,1560.41516113281,2099,538.584838867188
8377087.6,8.4,"H0039",1819.69032057747,1436.0107421875,2178,741.9892578125
10890213.9,10.9,"H0040",1837.31581304419,1649.88049316406,2102,452.119506835938
78744623.4,78.7,"H0041",1851.22670159021,1277,2116,839
7539378.8,7.5,"H0042",1565.65472937143,1289.28723144531,1757,467.712768554688
56126486.9,56.1,"H0043",2380.89770095746,1856.86584472656,2761,904.134155273438
6701670.1,6.7,"H0044",2071.69318891253,2020,2125,105
42723146.7,42.7,"H0045",1739.37710575902,1335,2024,689
8377087.6,8.4,"H0046",2067.59535558364,1841.59191894531,2163,321.408081054688
24293554,24.3,"H0047",1710.24811186178,1207.79895019531,1968,760.201049804688
7539378.8,7.5,"H0048",1592.2212618464,1134.96655273438,1839,704.033447265625
30995224.1,31,"H0049",1743.9008128353,1405.78161621094,2112,706.218383789062
10052505.1,10.1,"H0050",2313.00373197726,2158,2433,275
315816202.3,315.8,"H0051",2281.29157462488,1709,2632.455078125,923.455078125
5863961.3,5.9,"H0052",1668.30709916075,1254,1863,609
37696894.2,37.7,"H0053",1679.61171638296,1068,1987,919
5026252.6,5,"H0054",1717.90348880955,1586,1829,243
7539378.8,7.5,"H0055",1647.35166625977,1372.91027832031,1799,426.089721679688
9214796.4,9.2,"H0056",2115.69148867447,1923,2270,347
14241048.9,14.2,"H0057",1594.05306090109,1129,1881,752
56126486.9,56.1,"H0058",2127.56684269125,1503,2339,836
6701670.1,6.7,"H0059",1589.3131829834,1248.27319335938,1789,540.726806640625
443147933.7,443.1,"H0060",1868.73303978167,1224.58117675781,2412,1187.41882324219
5863961.3,5.9,"H0061",1671.47535350664,1527,1737,210
6701670.1,6.7,"H0062",1641.40881534133,1277.37231445312,1935,657.627685546875
40210020.5,40.2,"H0063",1698.42847104429,1523,1865,342
5026252.6,5,"H0064",1705.02024358934,1668.08056640625,1741,72.91943359375
363565601.6,363.6,"H0065",2016.88937226603,1551,2475,924
51937943.1,51.9,"H0066",1662.71631334156,1245,1843,598
32670641.6,32.7,"H0067",1691.81670331515,1030,2288,1258
8377087.6,8.4,"H0068",1611.22247241936,1534,1678,144
12565631.4,12.6,"H0069",1616.07603999119,1346,1774,428
5026252.6,5,"H0070",1626.2848426715,1418,1730.69555664062,312.695556640625
11727922.6,11.7,"H0071",1617.07834515517,1446,1767,321
46073981.8,46.1,"H0072",1697.41469158714,1205.90954589844,2088,882.090454101562
15078757.7,15.1,"H0073",1616.43171658278,1407,1755,348
6701670.1,6.7,"H0074",1502.67196559676,1297,1570,273
219479695,219.5,"H0075",1579.55406044285,1421,1792,371
29319806.6,29.3,"H0076",1621.96004962629,1166,1995,829
14241048.9,14.2,"H0077",1665.4407504064,1440,1808,368
6701670.1,6.7,"H0078",1686.67817962646,1149,2038,889
5026252.6,5,"H0079",1625.09598917643,1343.22290039062,1853,509.777099609375
15916466.4,15.9,"H0080",1709.10050971288,1434,1829,395
9214796.4,9.2,"H0081",1584.2197559458,1155.98327636719,1934,778.016723632812
16754175.2,16.8,"H0082",1638.58902984915,1286,2055,769
7539378.8,7.5,"H0083",1541.45050961002,1376,1687,311
9214796.4,9.2,"H0084",1623.90069858705,1290,1850,560
24293554,24.3,"H0085",1781.61715901289,1314.857421875,2290,975.142578125
36859185.4,36.9,"H0086",1730.89634291455,1236.03234863281,2355,1118.96765136719
6701670.1,6.7,"H0087",2476.90090245138,2094,2761,667
8377087.6,8.4,"H0088",1632.70768612132,1264,1970,706
232045326.4,232,"H0089",2267.28632220864,1390,3076,1686
8377087.6,8.4,"H0090",1593.18163792537,1304.59619140625,1856,551.40380859375
160840081.8,160.8,"H0091",2179.58687782777,1345,2910,1565
110577556.2,110.6,"H0092",1736.84842345033,1027,2374,1347
42723146.7,42.7,"H0093",1690.16515794957,1166.99816894531,2104,937.001831054688
19267301.5,19.3,"H0094",1722.20003363482,1251,2082,831
41047729.2,41,"H0095",1988.54867167718,1324,2648.75830078125,1324.75830078125
42723146.7,42.7,"H0096",2816.92010858157,2316,3255,939
6701670.1,6.7,"H0097",1633.80339846727,1259.70764160156,1848,588.292358398438
11727922.6,11.7,"H0098",1689.47666726308,1251,2035,784
12565631.4,12.6,"H0099",1654.37738526997,1155,1966,811
41885438,41.9,"H0100",1712.40492170948,1212,2018,806
10890213.9,10.9,"H0101",1881.62254096137,1393,2217,824
14241048.9,14.2,"H0102",1736.20118160773,1334.7548828125,2070,735.2451171875
6701670.1,6.7,"H0103",1597.04904487424,1223.44775390625,1875,651.55224609375
16754175.2,16.8,"H0104",1706.48785781488,1325,2221,896
6701670.1,6.7,"H0105",2185.97424646326,1772,2590,818
5863961.3,5.9,"H0106",2079.87260946993,1485.68444824219,2568,1082.31555175781
5026252.6,5,"H0107",2116.60091558447,1436,2536,1100
5863961.3,5.9,"H0108",1889.69555332729,1367,2704.37060546875,1337.37060546875
534458188.5,534.5,"H0109",1897.01305242739,1163,2708,1545
13403340.2,13.4,"H0110",2300.60049377846,1656,2662.40893554688,1006.40893554688
136546527.8,136.5,"H0111",1957.57941508587,1163.72143554688,2626.09326171875,1462.37182617188
5863961.3,5.9,"H0112",2444.97291364397,2139,2821.2822265625,682.2822265625
13403340.2,13.4,"H0113",1735.28766396605,1283,2551.93090820312,1268.93090820312
10052505.1,10.1,"H0114",1983.88336588542,1625,2586.54907226562,961.549072265625
174243422,174.2,"H0115",2603.96057246556,1278,3461,2183
15078757.7,15.1,"H0116",2482.08503351985,1660,2847,1187
5863961.3,5.9,"H0117",1713.06649487639,1169.90075683594,1956,786.099243164062
7539378.8,7.5,"H0118",1754.45609650308,1320.10803222656,2161.99926757812,841.891235351562
14241048.9,14.2,"H0119",2340.34833963449,1583,3011,1428
13403340.2,13.4,"H0120",2065.2500332919,1315,2775,1460
8377087.6,8.4,"H0121",1890.07918179706,1508,2090,582
102200468.7,102.2,"H0122",1980.02217365108,1187,2595,1408
7539378.8,7.5,"H0123",1631.51716961498,1319.11645507812,1892,572.883544921875
9214796.4,9.2,"H0124",1639.96801256452,1369,1809,440
20105010.2,20.1,"H0125",1633.52464954356,996.837707519531,2307,1310.16229248047
49424816.8,49.4,"H0126",1815.63911315389,1404,2194,790
5863961.3,5.9,"H0127",1918.85471518073,1396,2531,1135
299062027.1,299.1,"H0128",2051.87145450901,1305,3029,1724
9214796.4,9.2,"H0129",2081.04016527259,1872,2449,577
7539378.8,7.5,"H0130",1898.51921659429,1672.20886230469,2179,506.791137695312
9214796.4,9.2,"H0131",1601.9153446666,1063,2038,975
1037083444.2,1037.1,"H0132",2354.24187458096,1159,3785,2626
20942719,20.9,"H0133",2267.45717067785,1877.17431640625,2784,906.82568359375
39372311.7,39.4,"H0134",1716.13264356296,1373,1989,616
36021476.7,36,"H0135",1696.76424972521,1271.78918457031,2183,911.210815429688
5026252.6,5,"H0136",1922.69818695569,1859,1988.99462890625,129.99462890625
118116935.1,118.1,"H0137",2927.68153606261,2000,3332,1332
87959419.7,88,"H0138",2439.82694944323,1573,2985,1412
6701670.1,6.7,"H0139",2180.86362063703,1780,2503,723
56964195.6,57,"H0140",2176.63020856134,1708,3526,1818
5863961.3,5.9,"H0141",1591.24884463028,1450,1708,258
121467770.1,121.5,"H0142",1750.07483031472,1174,2418,1244
5026252.6,5,"H0143",2169.89672791528,1968.61254882812,2380,411.387451171875
15916466.4,15.9,"H0144",2405.39554221988,1357,2904,1547
5026252.6,5,"H0145",2281.3053953578,1940,2487,547
5863961.3,5.9,"H0146",2147.68658764983,2042,2266,224
21780427.7,21.8,"H0147",1829.88227138303,1403,2170,767
5863961.3,5.9,"H0148",1720.03412776463,1532,1967,435
5026252.6,5,"H0149",1597.932293401,1260.77575683594,1824,563.224243164062
5863961.3,5.9,"H0150",2842.63451646779,2443.30249023438,3211,767.697509765625
24293554,24.3,"H0151",2456.32676390802,1928,2820,892
5863961.3,5.9,"H0152",1693.60251877476,1280,1944,664
5863961.3,5.9,"H0153",1810.50531745433,1542,2139,597
5026252.6,5,"H0154",1642.06886966893,1428,2046,618
38534602.9,38.5,"H0155",1713.67967838039,1191.23303222656,2087,895.766967773438
7539378.8,7.5,"H0156",1553.00651550293,1015.99401855469,1800,784.005981445312
5026252.6,5,"H0157",2057.37160944704,1921,2160,239
5026252.6,5,"H0158",1624.64980668865,1080,1888.97509765625,808.97509765625
6701670.1,6.7,"H0159",1806.83005058475,1666,2036.81115722656,370.811157226562
9214796.4,9.2,"H0160",1748.57658956013,1621,1908,287
268066803,268.1,"H0161",2387.41193452409,1394,3584.1396484375,2190.1396484375
14241048.9,14.2,"H0162",1722.51043690833,1127,2017,890
10052505.1,10.1,"H0163",2134.5585492534,1842,2290,448
12565631.4,12.6,"H0164",1598.2773272808,1192.96325683594,1942,749.036743164062
23455845.3,23.5,"H0165",2200.9656441052,1792,2699.115234375,907.115234375
5026252.6,5,"H0166",1591.32180423737,1458,1798.29516601562,340.295166015625
6701670.1,6.7,"H0167",3124.63510533775,2973.22973632812,3257,283.770263671875
304088279.7,304.1,"H0168",2078.97948925047,1228,3289,2061
9214796.4,9.2,"H0169",2919.59767543248,2543,3307,764
13403340.2,13.4,"H0170",3086.97358339252,2695,3658,963
91310254.8,91.3,"H0171",1765.45830084223,1169,2553,1384
9214796.4,9.2,"H0172",1524.61998203823,1328,1699,371
10890213.9,10.9,"H0173",3032.02359114339,2712,3495,783
5863961.3,5.9,"H0174",1840.16771108312,1743,1970,227
9214796.4,9.2,"H0175",1903.09819357932,1282.58679199219,2159,876.413208007812
5026252.6,5,"H0176",1551.59775350602,1168,1749,581
5863961.3,5.9,"H0177",1549.12585265277,1201.84265136719,1853,651.157348632812
5863961.3,5.9,"H0178",1709.95516208958,1440,1977,537
7539378.8,7.5,"H0179",1556.9414768764,962.99462890625,1835,872.00537109375
13403340.2,13.4,"H0180",1639.67118636658,1302,2024,722
6701670.1,6.7,"H0181",1991.3962436583,1873.13146972656,2121,247.868530273438
5026252.6,5,"H0182",1780.55402020768,1716,1835,119
9214796.4,9.2,"H0183",1784.54445615496,1684,1888,204
11727922.6,11.7,"H0184",1598.81751085943,1227.94702148438,1905,677.052978515625
6701670.1,6.7,"H0185",1841.0830279541,1266,2419,1153
7539378.8,7.5,"H0186",2330.99719136662,2042.64404296875,2734,691.35595703125
77069205.9,77.1,"H0187",1770.99996225078,1543.92712402344,2089,545.072875976562
35183767.9,35.2,"H0188",2138.70002577196,1906.70642089844,2670,763.293579101562
5026252.6,5,"H0189",1665.8882241526,1197,1932.74230957031,735.742309570312
5026252.6,5,"H0190",2192.8266336441,1993,2401,408
9214796.4,9.2,"H0191",2070.75526290223,1935,2222,287
24293554,24.3,"H0192",1844.97065016414,1700,1968.09020996094,268.090209960938
10890213.9,10.9,"H0193",1810.92192505696,1336,2257,921
5026252.6,5,"H0194",1654.34665927887,1532,1948,416
10052505.1,10.1,"H0195",1872.82780017388,1789,1976,187
5863961.3,5.9,"H0196",1610.90754690988,1336.8271484375,1786,449.1728515625
75393788.4,75.4,"H0197",1806.465119347,1310.08471679688,2304,993.915283203125
8377087.6,8.4,"H0198",2325.11775683594,2059.50341796875,2614,554.49658203125
5026252.6,5,"H0199",1930.68977203369,1860,2009,149
26806680.3,26.8,"H0200",1893.57553799986,1348,2383,1035
180945092,180.9,"H0201",2438.01988842255,1732,3277,1545
8377087.6,8.4,"H0202",1860.56532551293,1495,2069,574
11727922.6,11.7,"H0203",1811.44700741238,1527,1926,399
6701670.1,6.7,"H0204",2097.18761164968,1936,2263,327
9214796.4,9.2,"H0205",2131.708807918,1777,2446,669
6701670.1,6.7,"H0206",1600.61196127283,1488,1885,397
25131262.8,25.1,"H0207",2121.47448326314,1852,2445,593
25968971.5,26,"H0208",1894.48844856055,1496,2425.36962890625,929.36962890625
41047729.2,41,"H0209",2032.19686187421,1592,2380,788
26806680.3,26.8,"H0210",2048.84314444896,1542,2360,818
30157515.3,30.2,"H0211",1753.88269238177,1111.71325683594,2222,1110.28674316406
10052505.1,10.1,"H0212",1722.53944130859,1518,1857,339
6701670.1,6.7,"H0213",2702.9377888005,2605.24560546875,2824,218.75439453125
5026252.6,5,"H0214",1905.34597768315,1863,1947,84
5026252.6,5,"H0215",1624.25636506628,1247,1823,576
15078757.7,15.1,"H0216",1865.39150095725,1384.57885742188,2209,824.421142578125
10890213.9,10.9,"H0217",2147.66599778325,1607,2429,822
11727922.6,11.7,"H0218",2130.62476376745,1980,2293,313
5026252.6,5,"H0219",1829.63266235352,1392,2222.0341796875,830.0341796875
753937883.5,753.9,"H0220",2042.93074743597,1169,2932,1763
5026252.6,5,"H0221",1955.35758371661,1900,2012,112
8377087.6,8.4,"H0222",1631.29271369347,1436,1776,340
46911690.5,46.9,"H0223",1943.40015905993,1382.42102050781,2421,1038.57897949219
10052505.1,10.1,"H0224",2917.27661867219,2657.97729492188,3108,450.022705078125
17591883.9,17.6,"H0225",1761.38742206715,1348,2092,744
6701670.1,6.7,"H0226",1697.11824865005,1599,1836,237
8377087.6,8.4,"H0227",1881.9545817901,1627,2033,406
7539378.8,7.5,"H0228",1956.44494575249,1752,2044.40686035156,292.406860351562
64503574.5,64.5,"H0229",1670.99901057262,1261.59545898438,2029,767.404541015625
6701670.1,6.7,"H0230",2327.61074007764,2120.89624023438,2495,374.103759765625
5026252.6,5,"H0231",1656.8077360026,1441,1805.19848632812,364.198486328125
5026252.6,5,"H0232",1643.7984169515,1339.78833007812,1884,544.211669921875
10890213.9,10.9,"H0233",2808.20775109493,2510.67407226562,3024,513.325927734375
6701670.1,6.7,"H0234",2056.09249032262,1905,2216,311
5863961.3,5.9,"H0235",1655.92063242594,1403,2015,612
6701670.1,6.7,"H0236",2444.51350562686,2282,2638,356
511840052,511.8,"H0237",2299.59273009424,1066,4070,3004
8377087.6,8.4,"H0238",3173.2644903504,3020,3333,313
23455845.3,23.5,"H0239",1750.20144514801,1353.716796875,2157,803.283203125
5863961.3,5.9,"H0240",1778.24504801432,1599.08471679688,2005,405.915283203125
9214796.4,9.2,"H0241",1551.74778954642,1149.45825195312,1742,592.541748046875
5026252.6,5,"H0242",1556.54734280494,1200,1738,538
5026252.6,5,"H0243",3026.25568806966,2782,3202,420
144923615.4,144.9,"H0244",2770.67623399489,2053,3300.5732421875,1247.5732421875
68692118.3,68.7,"H0245",2216.88295387552,1593.73474121094,2648,1054.26525878906
12565631.4,12.6,"H0246",1677.90176858341,1547,1845,298
132357984,132.4,"H0247",2229.2650262177,1320,3240,1920
5863961.3,5.9,"H0248",2488.3889617048,2317,2644.73388671875,327.73388671875
76231497.1,76.2,"H0249",1948.56604466244,1371,2283,912
5026252.6,5,"H0250",2776.74773027974,2462.75073242188,3033,570.249267578125
10890213.9,10.9,"H0251",2312.5283707192,1960,2616,656
10052505.1,10.1,"H0252",2717.17569667969,2070,3109,1039
7539378.8,7.5,"H0253",2528.85638626692,2243,2790,547
59477321.9,59.5,"H0254",2097.50654791647,1253,2692,1439
15078757.7,15.1,"H0255",2750.5611397694,2340,3044,704
8377087.6,8.4,"H0256",2038.20024114871,1920,2271,351
5026252.6,5,"H0257",1665.58910644531,1455,1912,457
98011924.9,98,"H0258",2271.19401378438,1328,3677,2349
5863961.3,5.9,"H0259",2300.19283650716,2059,2587.12817382812,528.128173828125
7539378.8,7.5,"H0260",2046.81378455529,1696,2838,1142
5026252.6,5,"H0261",1576.18001428823,1324,1783,459
132357984,132.4,"H0262",1723.51181997922,1069,2261,1192
6701670.1,6.7,"H0263",1779.75961038029,1487.7412109375,2119,631.2587890625
22618136.5,22.6,"H0264",1653.5229702369,1381.76159667969,1893,511.238403320312
105551303.7,105.6,"H0265",2420.17556458531,1373.90087890625,3489,2115.09912109375
15916466.4,15.9,"H0266",1653.62958006567,1390,1906,516
5863961.3,5.9,"H0267",1629.49044799805,1448,1845,397
26806680.3,26.8,"H0268",1679.49004416726,1156.62280273438,1966,809.377197265625
5026252.6,5,"H0269",1734.23476523748,1642,1854,212
5026252.6,5,"H0270",1711.46299263153,1438.02282714844,1952,513.977172851562
9214796.4,9.2,"H0271",1792.71649169922,1598,2091,493
29319806.6,29.3,"H0272",2054.92424628577,1556,2968,1412
11727922.6,11.7,"H0273",1834.49870277142,1254,2182,928
15916466.4,15.9,"H0274",1571.21657348,1307.59362792969,1882,574.406372070312
6701670.1,6.7,"H0275",1700.2403200107,1276,2077,801
10890213.9,10.9,"H0276",2064.22175803113,1735,2282,547
34346059.1,34.3,"H0277",1847.57344038305,1317,2580,1263
242935540.2,242.9,"H0278",2040.83080061229,1214,3373,2159
7539378.8,7.5,"H0279",2068.25022327176,1692,2345,653
5026252.6,5,"H0280",1645.55916844928,1453,1835,382
9214796.4,9.2,"H0281",1598.68603676244,1448,1877.5224609375,429.5224609375
39372311.7,39.4,"H0282",1996.79721075587,1282,2704,1422
8377087.6,8.4,"H0283",1875.7276416255,1542.43566894531,2203,660.564331054688
5863961.3,5.9,"H0284",1936.74493838944,1551.24658203125,2273,721.75341796875
5026252.6,5,"H0285",1625.37420968518,1315.60717773438,1789,473.392822265625
50262525.6,50.3,"H0286",1683.26357069605,1261,2148.60546875,887.60546875
76231497.1,76.2,"H0287",1810.86729370586,1294,2116,822
12565631.4,12.6,"H0288",2211.26036971243,1749.97473144531,2494,744.025268554688
8377087.6,8.4,"H0289",1683.51624876721,1398.12438964844,1869,470.875610351562
15916466.4,15.9,"H0290",1687.55443022483,1307,2041,734
10052505.1,10.1,"H0291",1762.13085124343,1460,2126,666
16754175.2,16.8,"H0292",1821.10752564356,1472,2135,663
5026252.6,5,"H0293",2103.88516045242,1642.546875,2483.0673828125,840.5205078125
7539378.8,7.5,"H0294",2318.28801516269,2006,2652,646
8377087.6,8.4,"H0295",1709.69848874422,1464,1878,414
51937943.1,51.9,"H0296",2028.00017834738,1533,2576,1043
160840081.8,160.8,"H0297",2218.77017211761,1335,3929,2594
64503574.5,64.5,"H0298",2157.57002572705,1348,3696,2348
12565631.4,12.6,"H0299",1658.97133525774,1413,1816,403
20105010.2,20.1,"H0300",1810.52697076291,1321,2239,918
5863961.3,5.9,"H0301",1762.61200125558,1403,2238,835
22618136.5,22.6,"H0302",1585.12847982578,1407,1758.19494628906,351.194946289062
5026252.6,5,"H0303",1598.26647248815,1482,1693,211
9214796.4,9.2,"H0304",2148.04188165838,1766,2411,645
6701670.1,6.7,"H0305",1566.86451165992,1405,1705,300
173405713.2,173.4,"H0306",2090.06103500198,1231.60485839844,2787,1555.39514160156
11727922.6,11.7,"H0307",1995.81776843601,1589.12927246094,2170,580.870727539062
36859185.4,36.9,"H0308",1817.96138016438,1446,2179,733
9214796.4,9.2,"H0309",2054.44883353855,1467.25415039062,2486,1018.74584960938
5863961.3,5.9,"H0310",1510.26015845405,1353,1645,292
7539378.8,7.5,"H0311",2033.95053764012,1651,2225,574
42723146.7,42.7,"H0312",2003.39415201761,1393,2341,948
5026252.6,5,"H0313",1560.68739705404,1141,1679,538
5863961.3,5.9,"H0314",1727.54277871622,1399.58520507812,1955,555.414794921875
6701670.1,6.7,"H0315",2208.88690200254,2004,2313,309
82095458.4,82.1,"H0316",1848.8555905686,1183.31091308594,2343,1159.68908691406
10052505.1,10.1,"H0317",1852.3789560787,1362,2233,871
10890213.9,10.9,"H0318",1961.24047162099,1648,2149,501
5026252.6,5,"H0319",2075.10021012345,1708.83715820312,2337,628.162841796875
5863961.3,5.9,"H0320",1597.53947041829,1400.56945800781,1801,400.430541992188
25131262.8,25.1,"H0321",1650.90822827674,1281,2113,832
19267301.5,19.3,"H0322",1602.44983080884,1349.26586914062,1834.95935058594,485.693481445312
120630061.4,120.6,"H0323",1810.57174541112,1287,2353,1066
5863961.3,5.9,"H0324",1620.47976375214,1367.86279296875,1852,484.13720703125
15916466.4,15.9,"H0325",2087.1414365393,1465.31774902344,2441,975.682250976562
31832932.9,31.8,"H0326",1792.37966086364,1447,2087,640
6701670.1,6.7,"H0327",1805.87349588785,1350,2083,733
6701670.1,6.7,"H0328",1586.10644962962,1366,1749,383
22618136.5,22.6,"H0329",2084.72761086857,1733,2368,635
69529827,69.5,"H0330",1944.82532098362,1350,2682,1332
6701670.1,6.7,"H0331",1601.18447206762,1276,1841,565
7539378.8,7.5,"H0332",1737.28119351001,1584,1846.78454589844,262.784545898438
8377087.6,8.4,"H0333",1610.28782257987,1274,1877,603
45236273,45.2,"H0334",1768.51000303872,1241.75634765625,2159,917.24365234375
25131262.8,25.1,"H0335",1715.72762250297,1450,1904,454
10890213.9,10.9,"H0336",1606.87363206703,1276,1878,602
48587108,48.6,"H0337",1906.19446269814,1294,2295,1001
10052505.1,10.1,"H0338",1886.63820918914,1666,2166,500
69529827,69.5,"H0339",1711.36300314432,1347,2225,878
5026252.6,5,"H0340",1571.97843811035,1325.26867675781,1757,431.731323242188
12565631.4,12.6,"H0341",1649.78562939793,1322,1991,669
24293554,24.3,"H0342",1827.78973296844,1325,2343,1018
9214796.4,9.2,"H0343",1698.52437482561,1435,1899,464
5026252.6,5,"H0344",1676.76193150112,1352.02502441406,1961,608.974975585938
61990448.2,62,"H0345",1647.07585369769,1240.40979003906,2025,784.590209960938
8377087.6,8.4,"H0346",1708.23291203425,1242,2068,826
5026252.6,5,"H0347",1533.82077756788,1342.91564941406,1674,331.084350585938
5026252.6,5,"H0348",1542.24792861343,1414,1646,232
15916466.4,15.9,"H0349",1620.21680279167,1324.68395996094,1838,513.316040039062
5026252.6,5,"H0350",1583.10392766233,1282,1889,607
35183767.9,35.2,"H0351",1610.1032705049,1292.94958496094,1809,516.050415039062
29319806.6,29.3,"H0352",1612.85233024464,1161,1785,624
169217169.4,169.2,"H0353",1929.9062870959,1178.58154296875,2670,1491.41845703125
173405713.2,173.4,"H0354",1920.10689492615,1157.46362304688,2864,1706.53637695312
228694491.3,228.7,"H0355",2060.30790335638,1093,3378,2285
10890213.9,10.9,"H0356",2013.11149674527,1623,2357,734
5026252.6,5,"H0357",1536.27655171712,1223,1699,476
18429592.7,18.4,"H0358",1643.51503556709,1306,1941,635
14241048.9,14.2,"H0359",1594.94602664661,1300,1838,538
65341283.2,65.3,"H0360",1730.34595280053,1198,2151,953
18429592.7,18.4,"H0361",1915.20987042423,1370,2415,1045
9214796.4,9.2,"H0362",2244.0737157771,1848,2574,726
8377087.6,8.4,"H0363",1738.33883502667,1044,2095,1051
8377087.6,8.4,"H0364",1852.44198117724,1446,2145,699
10890213.9,10.9,"H0365",1641.25978238689,1357.36083984375,1892,534.63916015625
12565631.4,12.6,"H0366",1592.3843100554,1288,1834,546
7539378.8,7.5,"H0367",1662.0865564761,1416,2235,819
8377087.6,8.4,"H0368",1665.87568697788,1409.12683105469,1873,463.873168945312
4712949480.7,4712.9,"H0369",2184.0842416511,1096.67211914062,3729,2632.32788085938
92147963.5,92.1,"H0370",1723.98115327897,1258,2203,945
121467770.1,121.5,"H0371",1847.31869317551,1159,2454,1295
5863961.3,5.9,"H0372",1628.43194128585,1367.6103515625,1827,459.3896484375
5863961.3,5.9,"H0373",1543.63475057524,1121,1685,564
17591883.9,17.6,"H0374",1680.24853974578,1298.21105957031,1980,681.788940429688
5026252.6,5,"H0375",1564.45023350869,1328,1719,391
5026252.6,5,"H0376",1558.25799743652,1282,1717.50402832031,435.504028320312
10890213.9,10.9,"H0377",1553.47533656529,1295.88952636719,1715,419.110473632812
138221945.3,138.2,"H0378",1677.58261513892,1260,2166,906
21780427.7,21.8,"H0379",1834.52283783683,1363,2180,817
6701670.1,6.7,"H0380",1539.14122961573,1154,1648,494
10052505.1,10.1,"H0381",1558.81306311103,1267,1749,482
22618136.5,22.6,"H0382",1608.86578798413,1320,1789,469
46073981.8,46.1,"H0383",1675.12714824089,1306.11364746094,2213,906.886352539062
5863961.3,5.9,"H0384",1569.62213338216,1262,1728,466
5026252.6,5,"H0385",1545.40904422883,1344.70092773438,1719,374.299072265625
6701670.1,6.7,"H0386",1545.00721405774,1211.84057617188,1675,463.159423828125
20942719,20.9,"H0387",1653.88823381106,1392.92004394531,1964,571.079956054688
6701670.1,6.7,"H0388",1599.99490275555,1220,1805,585
7539378.8,7.5,"H0389",1524.00636898502,1122.26940917969,1692,569.730590820312
7539378.8,7.5,"H0390",1577.70157895296,1332,1718,386
6701670.1,6.7,"H0391",1505.90368972778,1307.91198730469,1605,297.088012695312
6701670.1,6.7,"H0392",1507.67573196976,1064,1803,739
5863961.3,5.9,"H0393",1569.90320898951,1287,1696,409
13403340.2,13.4,"H0394",1584.52863010313,1159,1835,676
172568004.4,172.6,"H0395",1829.76652364087,1059.27111816406,2276,1216.72888183594
10890213.9,10.9,"H0396",1679.32275528298,1395.97631835938,1958,562.023681640625
9214796.4,9.2,"H0397",1746.00923151384,1370,2069,699
7539378.8,7.5,"H0398",1639.14386657044,1222,1958,736
13403340.2,13.4,"H0399",1588.56400109039,1362,1723,361
14241048.9,14.2,"H0400",1564.42125892857,1277,1769,492
5026252.6,5,"H0401",1800.89621520996,1519.51403808594,2094,574.485961914062
6701670.1,6.7,"H0402",1668.26127960205,1164,1983,819
38534602.9,38.5,"H0403",1827.29294196228,1256,2339,1083
5026252.6,5,"H0404",2041.30736796061,1890.11193847656,2217.04541015625,326.933471679688
143248197.9,143.2,"H0405",1644.1226575359,1238,2022,784
5863961.3,5.9,"H0406",2065.67061241998,1896,2264,368
11727922.6,11.7,"H0407",1647.16442461347,1501,1811.97192382812,310.971923828125
642522618.5,642.5,"H0408",2185.30863469629,1009,2959,1950
87959419.7,88,"H0409",1748.39651154415,1288,2069,781
5863961.3,5.9,"H0410",2599.71013590495,2486,2682,196
16754175.2,16.8,"H0411",2766.00060793491,2544,2919,375
31832932.9,31.8,"H0412",1636.72350815568,1315,1913,598
214453442.4,214.5,"H0413",1669.28128888718,1003,2028,1025
6701670.1,6.7,"H0414",1535.08243835449,1396,1602,206
31832932.9,31.8,"H0415",2684.10666897802,2605,2795,190
5026252.6,5,"H0416",2755.1567218718,2720.09692382812,2786,65.903076171875
26806680.3,26.8,"H0417",2613.70632264672,2411.44921875,2767.72119140625,356.27197265625
9214796.4,9.2,"H0418",1709.8767226404,1411,1842,431
17591883.9,17.6,"H0419",2673.75862732758,2597,2751,154
15916466.4,15.9,"H0420",1627.41663655599,1306.22399902344,1889,582.776000976562
5026252.6,5,"H0421",1639.62980776928,1080,1958,878
7539378.8,7.5,"H0422",2611.54033229662,2529,2694,165
36859185.4,36.9,"H0423",1849.92805370154,1239.71276855469,2088,848.287231445312
20942719,20.9,"H0424",1733.37613004244,1367.93615722656,1932,564.063842773438
2258462815.5,2258.5,"H0425",2130.4421871742,1031,3635,2604
10052505.1,10.1,"H0426",1774.39940767341,1323,2118,795
10052505.1,10.1,"H0427",1880.36971183335,1501,2135,634
5026252.6,5,"H0428",1519.84794895214,1438,1581,143
275606181.9,275.6,"H0429",2145.78215488806,1435,2831,1396
20105010.2,20.1,"H0430",2028.77606000233,1496.4931640625,2489,992.5068359375
39372311.7,39.4,"H0431",1578.350261237,1313,1794,481
6701670.1,6.7,"H0432",2535.24430908203,2180,2690,510
645873453.5,645.9,"H0433",2423.41308826136,1008.31011962891,3330,2321.68988037109
12565631.4,12.6,"H0434",2321.43691101074,2270,2447,177
31832932.9,31.8,"H0435",2033.09319741552,1421,2542,1121
5863961.3,5.9,"H0436",1575.40843756689,1417,1672.4033203125,255.4033203125
6701670.1,6.7,"H0437",1811.18667796065,1394,2357,963
15078757.7,15.1,"H0438",1870.26903845241,1231.5986328125,2496.90893554688,1265.31030273438
16754175.2,16.8,"H0439",1797.70763685015,1392,2075,683
6701670.1,6.7,"H0440",2293.93360565222,1629,2809,1180
12565631.4,12.6,"H0441",2077.32553140219,1438.212890625,2525,1086.787109375
36021476.7,36,"H0442",2425.71312662942,1328,3082,1754
5026252.6,5,"H0443",2251.10796432374,2169,2310,141
569641956.4,569.6,"H0444",1926.18798807548,1292,2499,1207
7539378.8,7.5,"H0445",1888.22919218644,1881,1939.13464355469,58.1346435546875
9214796.4,9.2,"H0446",1790.07949247691,1440,2165.77758789062,725.777587890625
5863961.3,5.9,"H0447",1908.74412940949,1882,1987,105
89634837.3,89.6,"H0448",2100.46554297819,1242,3032,1790
5026252.6,5,"H0449",2080.13823882556,1928,2261,333
6701670.1,6.7,"H0450",2298.26628874856,1995.43188476562,2489,493.568115234375
131520275.2,131.5,"H0451",1997.39702080767,1285.58728027344,2402,1116.41271972656
5863961.3,5.9,"H0452",2165.84603221319,2018,2299,281
28482097.8,28.5,"H0453",1892.64541966032,1315,2408,1093
25968971.5,26,"H0454",1664.71318740632,1378,1934,556
7539378.8,7.5,"H0455",1822.52490884532,1384.23864746094,2068,683.761352539062
59477321.9,59.5,"H0456",2035.75108969236,1221,2876,1655
45236273,45.2,"H0457",1791.13704002895,1379.40100097656,2097.88159179688,718.480590820312
12565631.4,12.6,"H0458",1891.05958629514,1467.328125,2244.70727539062,777.379150390625
12565631.4,12.6,"H0459",1848.39763582516,1375.13012695312,2125,749.869873046875
10052505.1,10.1,"H0460",1603.09440728667,1280.041015625,1771,490.958984375
10890213.9,10.9,"H0461",1790.94055561739,1287,2202,915
28482097.8,28.5,"H0462",2572.10231675615,1965,3049,1084
6701670.1,6.7,"H0463",2177.79616524218,1822,2548,726
14241048.9,14.2,"H0464",2411.3403468192,2190.80590820312,2656,465.194091796875
24293554,24.3,"H0465",1968.5427835247,1155,2482,1327
5863961.3,5.9,"H0466",2176.39464146205,2014.05541992188,2318,303.944580078125
8377087.6,8.4,"H0467",2593.42469612788,2196,2939,743
9214796.4,9.2,"H0468",1982.34863086802,1359,2317,958
11727922.6,11.7,"H0469",1818.49906797556,1362,2452,1090
8377087.6,8.4,"H0470",1776.41112811749,1374,2277,903
6701670.1,6.7,"H0471",2080.0403037933,1329,2679,1350
15916466.4,15.9,"H0472",2039.84196731513,1339.12536621094,2465,1125.87463378906
7539378.8,7.5,"H0473",1610.62142586086,1365,1830,465
6701670.1,6.7,"H0474",1604.06300557809,1261,1793,532
5863961.3,5.9,"H0475",1558.33152072922,1295.99096679688,1729,433.009033203125
19267301.5,19.3,"H0476",1578.51840600883,1295.90234375,1859,563.09765625
5026252.6,5,"H0477",1583.06080891927,1093,1851,758
37696894.2,37.7,"H0478",1604.03388736053,1235,1959,724
5026252.6,5,"H0479",1577.65380084325,1245,1858,613
5863961.3,5.9,"H0480",2029.13175960057,1950,2138,188
6701670.1,6.7,"H0481",1662.51299247786,1297,1909,612
41047729.2,41,"H0482",1752.24694332308,1134,2221,1087
8377087.6,8.4,"H0483",1572.6121474046,1148,1806,658
6701670.1,6.7,"H0484",1604.67472610474,1316,1813,497
7539378.8,7.5,"H0485",1610.2088212295,1121,1870,749
24293554,24.3,"H0486",1734.53760392253,1290.42626953125,2055,764.57373046875
8377087.6,8.4,"H0487",1844.79896527459,1541,2107,566
14241048.9,14.2,"H0488",1607.98212039621,1476.06274414062,1760,283.937255859375
8377087.6,8.4,"H0489",1790.14464111328,1307,1992,685
43560855.5,43.6,"H0490",1647.13592017375,656,2030,1374
27644389.1,27.6,"H0491",1869.4180570206,1454,2254,800
5026252.6,5,"H0492",1747.70595607758,1477.48107910156,1949,471.518920898438
17591883.9,17.6,"H0493",1826.34416333576,1468.05200195312,2097,628.947998046875
5863961.3,5.9,"H0494",1862.43252631293,1751.02416992188,2064,312.975830078125
5863961.3,5.9,"H0495",1572.11709168317,1192,1840,648
46073981.8,46.1,"H0496",1812.71324617023,1111.5126953125,2735,1623.4873046875
19267301.5,19.3,"H0497",1700.07352078595,1374,2082,708
149112159.2,149.1,"H0498",2843.13903708168,1474,4068,2594
6701670.1,6.7,"H0499",3551.79232339514,3222,3775.94067382812,553.940673828125
18429592.7,18.4,"H0500",1765.83011782011,1407.12609863281,2056,648.873901367188
19267301.5,19.3,"H0501",3510.62138134374,2941,3933,992
15078757.7,15.1,"H0502",1735.10333258587,1536.18981933594,1912,375.810180664062
23455845.3,23.5,"H0503",1737.51725874766,1294,2012,718
5863961.3,5.9,"H0504",1520.4419151743,1203,1692,489
8377087.6,8.4,"H0505",1747.52900015555,1417,1949,532
18429592.7,18.4,"H0506",1866.77209745589,1234.39562988281,2146,911.604370117188
35183767.9,35.2,"H0507",1767.97553394148,1329,2116,787
8377087.6,8.4,"H0508",1675.07454453432,1515,1937.69580078125,422.69580078125
5863961.3,5.9,"H0509",1607.24812081473,1056.97131347656,1838,781.028686523438
5938517395.7,5938.5,"H0510",2251.44055721846,838.758422851562,4023,3184.24157714844
20942719,20.9,"H0511",1653.09434814453,1446,1953,507
7539378.8,7.5,"H0512",1850.04244924445,1647,2220.20532226562,573.205322265625
26806680.3,26.8,"H0513",1785.98847250937,1319,2125.8818359375,806.8818359375
126494022.7,126.5,"H0514",1856.51399604246,1185,2418,1233
4170951913.3,4171,"H0515",2511.64492656538,1150,4133.16162109375,2983.16162109375
8377087.6,8.4,"H0516",1664.60911671856,1481,1780,299
5026252.6,5,"H0517",1883.40832302955,1664.20166015625,2060.62670898438,396.425048828125
5863961.3,5.9,"H0518",1561.60817482907,1295.25537109375,1834,538.74462890625
10052505.1,10.1,"H0519",1846.78261518635,1530,2089,559
7539378.8,7.5,"H0520",1599.6934016402,1314,1798,484
84608584.7,84.6,"H0521",1941.6578672077,1401,2717,1316
5863961.3,5.9,"H0522",1775.69682634142,1403.20837402344,2018,614.791625976562
5026252.6,5,"H0523",1622.37716714182,1376,1776.98657226562,400.986572265625
31832932.9,31.8,"H0524",1710.17650060502,1325.263671875,2232,906.736328125
5863961.3,5.9,"H0525",1566.87386388644,1387,1734,347
5863961.3,5.9,"H0526",1650.25198669434,1514.18872070312,1805,290.811279296875
836871050.7,836.9,"H0527",2277.17220532321,972,3786,2814
116441517.6,116.4,"H0528",1809.14379031198,1202.96826171875,2490,1287.03173828125
5863961.3,5.9,"H0529",1688.94443687713,1148,1950,802
